{
    "camera_info": {
        "back": {
            "K": [
                1135.6006439168543,
                0,
                1998.978977118058,
                0,
                1135.4777271673438,
                1589.8143110594933,
                0,
                0,
                1
            ],
            "coeff": [
                -0.04248481215012746,
                0.002306898363076091,
                -0.0015672254140676517,
                0.0004555608038950285
            ]
        },
        "front": {
            "K": [
                1129.4034756274225,
                0,
                2020.6300375542683,
                0,
                1130.5635599260575,
                1437.7792405509272,
                0,
                0,
                1
            ],
            "coeff": [
                -0.04249001278644562,
                0.003493487689597469,
                -0.0019296619371369985,
                0.00038174748299491765
            ]
        },
        "left": {
            "K": [
                1128.4294650180823,
                0,
                2042.7600301569844,
                0,
                1128.9858451901196,
                1608.9689357097031,
                0,
                0,
                1
            ],
            "coeff": [
                -0.040648141477097235,
                0.0006447636583344754,
                -0.0004477314231613353,
                0.00013421041319024366
            ]
        },
        "right": {
            "K": [
                1123.5255545954428,
                0,
                1919.6557707977995,
                0,
                1124.6858638242095,
                1429.4799589673203,
                0,
                0,
                1
            ],
            "coeff": [
                -0.04000710591875983,
                -0.001540782321032391,
                0.0012043090678662432,
                -0.0002570958399452856
            ]
        }
    },
    "device": {
        "SN": "JMK1001256",
        "model": "JMK1"
    },
    "initial_guess": {
        "back": {
            "p_deg": -29.8807926,
            "r_deg": 0.4510237682,
            "x": -0.0952524274,
            "y": -0.008606058075,
            "y_deg": -179.3558242,
            "z": -0.003543566431
        },
        "front": {
            "p_deg": 0.8178456827,
            "r_deg": 59.62929987,
            "x": 1.312853297e-05,
            "y": -0.07192041913,
            "y_deg": 90.74665656,
            "z": -0.01441376269
        },
        "left": {
            "p_deg": 25.39568847,
            "r_deg": 106.0124302,
            "x": 0.1029430508,
            "y": -0.01180412725,
            "y_deg": -33.26468217,
            "z": -0.1041363244
        },
        "right": {
            "p_deg": -25.33944496,
            "r_deg": 105.6775002,
            "x": -0.09361959847,
            "y": -0.01213696327,
            "y_deg": -145.8419869,
            "z": -0.103382711
        }
    },
    "out_put": {
        "back": {
            "transform_matrix": [
                [
                    -0.8670090094716594,
                    0.009748183899026583,
                    -0.4981970999570788,
                    -0.09525242739583173
                ],
                [
                    -0.0073209599074059335,
                    -0.9999499079839824,
                    -0.006825325549734779,
                    -0.008606058074886777
                ],
                [
                    -0.49823867878859723,
                    -0.0022703377494254786,
                    0.8670369453059636,
                    -0.00354356643106961
                ],
                [
                    0,
                    0,
                    0,
                    1
                ]
            ]
        },
        "front": {
            "transform_matrix": [
                [
                    -0.013029918946785735,
                    -0.9998132251180026,
                    0.014273615217548052,
                    1.3128532973981067e-05
                ],
                [
                    0.5053892181307565,
                    -0.018902336755159288,
                    -0.8626844381709788,
                    -0.07192041912954626
                ],
                [
                    0.8627931150683941,
                    -0.0040269770713251,
                    0.5055411200350018,
                    -0.014413762685212378
                ],
                [
                    0,
                    0,
                    0,
                    1
                ]
            ]
        },
        "left": {
            "transform_matrix": [
                [
                    0.755346841460414,
                    0.49550389673853645,
                    0.428867155903436,
                    0.10294305081657364
                ],
                [
                    0.4959861124233611,
                    -0.0045372304005657504,
                    -0.8683185992615001,
                    -0.0118041272531443
                ],
                [
                    -0.42830938044705175,
                    0.8685938647361138,
                    -0.2491902340860188,
                    -0.10413632435207823
                ],
                [
                    0,
                    0,
                    0,
                    1
                ]
            ]
        },
        "right": {
            "transform_matrix": [
                [
                    -0.7478776698698653,
                    0.5074563653935545,
                    -0.4279801725916564,
                    -0.09361959847493528
                ],
                [
                    0.49269884351436144,
                    -0.007754458105348583,
                    -0.8701653394494079,
                    -0.012136963269015748
                ],
                [
                    -0.44488969476672696,
                    -0.8616425625519294,
                    -0.24422377830447384,
                    -0.10338271100259425
                ],
                [
                    0,
                    0,
                    0,
                    1
                ]
            ]
        }
    }
}
